{"file:///e%3A/restrauntpro/hotpot/src/style.css":{"language":"CSS","code":4,"comment":0,"blank":0},"file:///e%3A/restrauntpro/hotpot/src/api/manage.js":{"language":"JavaScript","code":31,"comment":0,"blank":6},"file:///e%3A/restrauntpro/hotpot/src/api/cookapi.js":{"language":"JavaScript","code":6,"comment":0,"blank":3},"file:///e%3A/restrauntpro/hotpot/src/api/adminapi.js":{"language":"JavaScript","code":26,"comment":0,"blank":2},"file:///e%3A/restrauntpro/hotpot/src/views/Test.vue":{"language":"Vue","code":81,"comment":1,"blank":11},"file:///e%3A/restrauntpro/hotpot/src/views/OrderItem.vue":{"language":"Vue","code":186,"comment":3,"blank":4},"file:///e%3A/restrauntpro/hotpot/src/stores/CookLoginStore.js":{"language":"JavaScript","code":12,"comment":0,"blank":2},"file:///e%3A/restrauntpro/hotpot/src/views/Login.vue":{"language":"Vue","code":281,"comment":21,"blank":28},"file:///e%3A/restrauntpro/hotpot/src/views/AdminDashBoard.vue":{"language":"Vue","code":276,"comment":7,"blank":27},"file:///e%3A/restrauntpro/hotpot/src/views/CookDashBoard.vue":{"language":"Vue","code":1096,"comment":86,"blank":46},"file:///e%3A/restrauntpro/hotpot/src/main.js":{"language":"JavaScript","code":21,"comment":4,"blank":4},"file:///e%3A/restrauntpro/hotpot/src/global.js":{"language":"JavaScript","code":6,"comment":0,"blank":1},"file:///e%3A/restrauntpro/hotpot/src/common/router.js":{"language":"JavaScript","code":66,"comment":0,"blank":6},"file:///e%3A/restrauntpro/hotpot/src/views/AdminMainArea/DataReport.vue":{"language":"Vue","code":1017,"comment":198,"blank":38},"file:///e%3A/restrauntpro/hotpot/src/views/AdminMainArea/CustomerManage.vue":{"language":"Vue","code":521,"comment":66,"blank":37},"file:///e%3A/restrauntpro/hotpot/src/views/AdminMainArea/HistoryOrder.vue":{"language":"Vue","code":258,"comment":30,"blank":23},"file:///e%3A/restrauntpro/hotpot/src/views/AdminMainArea/ViewAnnouncement.vue":{"language":"Vue","code":239,"comment":30,"blank":25},"file:///e%3A/restrauntpro/hotpot/src/views/CookDashBoard.vue.js":{"language":"JavaScript","code":0,"comment":0,"blank":1},"file:///e%3A/restrauntpro/hotpot/src/views/AdminMainArea/EmployeeManage.vue":{"language":"Vue","code":404,"comment":55,"blank":41},"file:///e%3A/restrauntpro/hotpot/src/views/AdminMainArea/DishManage.vue":{"language":"Vue","code":601,"comment":250,"blank":60},"file:///e%3A/restrauntpro/hotpot/src/App.vue":{"language":"Vue","code":12,"comment":0,"blank":4},"file:///e%3A/restrauntpro/hotpot/src/echarts.js":{"language":"JavaScript","code":3,"comment":40,"blank":2}}