{
    "description": "项目私有配置文件。此文件中的内容将覆盖 project.config.json 中的相同字段。项目的改动优先同步到此文件中。详见文档：https://developers.weixin.qq.com/miniprogram/dev/devtools/projectconfig.html",
    "projectname": "waiter",
    "setting": {
        "compileHotReLoad": true,
        "urlCheck": false,
        "bigPackageSizeSupport": true
    },
    "condition": {
        "miniprogram": {
            "list": [
                {
                    "name": "",
                    "pathName": "pages/detail/detail",
                    "query": "data=%257B%2522orderid%2522%253A1%252C%2522tableid%2522%253A2%252C%2522emergency%2522%253A1%252C%2522paid%2522%253A1%252C%2522conditions%2522%253A1%252C%2522money%2522%253A200%252C%2522cookid%2522%253A1%252C%2522time%2522%253A%252217%253A21%253A45%2522%252C%2522foodnumber%2522%253A7%252C%2522food1%2522%253A%2522%25E9%259B%25AA%25E8%258A%25B1%25E5%258B%2587%25E9%2597%25AF%25E5%25A4%25A9%25E6%25B6%25AF500ml%2522%252C%2522quantity1%2522%253A2%252C%2522img1%2522%253A%2522https%253A%252F%252Fhudilao.oss-cn-nanjing.aliyuncs.com%252F2023-09-06%252F3f75496c-dbbc-491c-a170-89f83895e184.jpg%2522%252C%2522food2%2522%253A%2522%25E5%258F%25AF%25E5%258F%25A3%25E5%258F%25AF%25E4%25B9%2590%25EF%25BC%2588%25E5%25A4%25A7%25EF%25BC%2589%2522%252C%2522quantity2%2522%253A3%252C%2522img2%2522%253A%2522https%253A%252F%252Fhudilao.oss-cn-nanjing.aliyuncs.com%252F2023-09-06%252F7c4a2306-81cf-4330-9fc1-fb536c23fca6.jpg%2522%252C%2522food3%2522%253A%2522%25E6%25A4%25B0%25E6%25B1%2581%2522%252C%2522quantity3%2522%253A1%252C%2522img3%2522%253A%2522https%253A%252F%252Fhudilao.oss-cn-nanjing.aliyuncs.com%252F2023-09-06%252F083d8e64-f67f-4dae-b3b3-0b7fd7ec9bf6.jpg%2522%257D",
                    "launchMode": "default",
                    "scene": null
                },
                {
                    "name": "",
                    "pathName": "pages/login/login",
                    "query": "",
                    "launchMode": "default",
                    "scene": null
                }
            ]
        }
    },
    "libVersion": "2.10.4"
}