{"file:///e%3A/restrauntpro/hotpot/src/views/Test.vue":{"language":"Vue","code":81,"comment":1,"blank":11},"file:///e%3A/restrauntpro/hotpot/src/views/CookDashBoard.vue.js":{"language":"JavaScript","code":0,"comment":0,"blank":1},"file:///e%3A/restrauntpro/hotpot/src/views/CookDashBoard.vue":{"language":"Vue","code":1118,"comment":157,"blank":46},"file:///e%3A/restrauntpro/hotpot/src/views/Login.vue":{"language":"Vue","code":281,"comment":31,"blank":23},"file:///e%3A/restrauntpro/hotpot/src/views/AdminMainArea/EmployeeManage.vue":{"language":"Vue","code":408,"comment":85,"blank":30},"file:///e%3A/restrauntpro/hotpot/src/views/AdminMainArea/DataReport.vue":{"language":"Vue","code":1017,"comment":216,"blank":26},"file:///e%3A/restrauntpro/hotpot/src/views/AdminMainArea/DishManage.vue":{"language":"Vue","code":601,"comment":285,"blank":47},"file:///e%3A/restrauntpro/hotpot/src/views/AdminMainArea/CustomerManage.vue":{"language":"Vue","code":518,"comment":101,"blank":25},"file:///e%3A/restrauntpro/hotpot/src/style.css":{"language":"CSS","code":4,"comment":0,"blank":0},"file:///e%3A/restrauntpro/hotpot/src/stores/CookLoginStore.js":{"language":"JavaScript","code":12,"comment":0,"blank":2},"file:///e%3A/restrauntpro/hotpot/src/views/AdminDashBoard.vue":{"language":"Vue","code":276,"comment":21,"blank":18},"file:///e%3A/restrauntpro/hotpot/src/main.js":{"language":"JavaScript","code":21,"comment":4,"blank":4},"file:///e%3A/restrauntpro/hotpot/src/global.js":{"language":"JavaScript","code":6,"comment":0,"blank":1},"file:///e%3A/restrauntpro/hotpot/src/common/router.js":{"language":"JavaScript","code":67,"comment":0,"blank":6},"file:///e%3A/restrauntpro/hotpot/src/App.vue":{"language":"Vue","code":12,"comment":0,"blank":4},"file:///e%3A/restrauntpro/hotpot/src/api/manage.js":{"language":"JavaScript","code":31,"comment":0,"blank":6},"file:///e%3A/restrauntpro/hotpot/src/api/cookapi.js":{"language":"JavaScript","code":6,"comment":0,"blank":3},"file:///e%3A/restrauntpro/hotpot/src/api/adminapi.js":{"language":"JavaScript","code":26,"comment":0,"blank":2},"file:///e%3A/restrauntpro/hotpot/src/views/OrderItem.vue":{"language":"Vue","code":186,"comment":15,"blank":4},"file:///e%3A/restrauntpro/hotpot/src/echarts.js":{"language":"JavaScript","code":3,"comment":40,"blank":2},"file:///e%3A/restrauntpro/hotpot/src/views/AdminMainArea/HistoryOrder.vue":{"language":"Vue","code":258,"comment":51,"blank":20},"file:///e%3A/restrauntpro/hotpot/src/views/AdminMainArea/ViewAnnouncement.vue":{"language":"Vue","code":249,"comment":57,"blank":23}}